Word,Freq,Rank
and,627,1
the,578,2
i,508,3
to,446,4
of,351,5
you,335,6
that,271,7
a,258,8
is,240,9
not,225,10
in,220,11
my,209,12
he,171,13
it,170,14
for,167,15
his,155,16
bru.,153,17
your,149,18
with,147,19
haue,144,20
this,140,21
be,140,22
will,140,23
but,138,24
me,132,25
as,129,26
shall,125,27
what,114,28
thou,110,29
do,108,30
cassi.,107,31
are,106,32
so,106,33
caesar,103,34
him,100,35
we,95,36
by,94,37
our,93,38
then,89,39
brutus,89,40
all,86,41
if,84,42
no,81,43
did,70,44
on,66,45
o,66,46
when,66,47
good,65,48
they,65,49
let,64,50
was,62,51
come,62,52
their,61,53
at,57,54
enter,57,55
thy,56,56
know,55,57
am,55,58
"brutus,",52,59
"caesar,",51,60
now,49,61
from,49,62
ant.,48,63
vs,47,64
vpon,46,65
or,44,66
would,44,67
which,42,68
heere,41,69
there,41,70
some,41,71
why,41,72
cassius,39,73
should,38,74
cask.,38,75
them,38,76
antony,37,77
these,37,78
caesars,37,79
brut.,37,80
such,37,81
must,36,82
like,36,83
men,35,84
hath,35,85
go,35,86
giue,35,87
noble,35,88
tell,35,89
were,35,90
thee,35,91
yet,34,92
"him,",34,93
may,34,94
heare,33,95
how,32,96
man,32,97
where,31,98
an,31,99
see,31,100
well,31,101
"me,",30,102
one,29,103
stand,29,104
"cassius,",29,105
caes,28,106
who,28,107
euery,28,108
luc.,28,109
most,28,110
had,27,111
doth,27,112
vp,26,113
more,26,114
speake,26,115
loue,26,116
make,25,117
"antony,",25,118
great,25,119
"you,",25,120
nor,24,121
any,24,122
much,23,123
too,23,124
exeunt.,22,125
lord,22,126
'tis,22,127
selfe,22,128
art,22,129
take,22,130
day,21,131
till,21,132
"men,",21,133
beare,21,134
out,21,135
cas.,21,136
thinke,20,137
looke,20,138
mine,20,139
marke,20,140
can,19,141
messa.,19,142
"sir,",19,143
"i,",19,144
feare,18,145
octa.,18,146
rome,17,147
say,17,148
could,17,149
hand,17,150
"caska,",17,151
bid,17,152
"rome,",17,153
time,17,154
leaue,17,155
finde,16,156
euen,16,157
about,16,158
"say,",16,159
put,16,160
por.,16,161
night,15,162
death,15,163
stay,15,164
off,15,165
"not,",15,166
"man,",15,167
many,15,168
"will,",15,169
comes,15,170
heart,15,171
neuer,15,172
wee'l,15,173
you:,14,174
into,14,175
caesar:,14,176
all.,14,177
downe,14,178
doe,14,179
"this,",14,180
caesar.,14,181
done,14,182
"octauius,",14,183
him:,14,184
word,14,185
vnto,13,186
"then,",13,187
things,13,188
ile,13,189
cinna.,13,190
mark,13,191
thus,13,192
"friends,",13,193
romans,13,194
"night,",13,195
blood,13,196
wrong,13,197
made,13,198
hast,13,199
"thee,",12,200
morrow,12,201
bad,12,202
"day,",12,203
"messala,",12,204
therefore,12,205
best,12,206
set,12,207
very,12,208
honourable,12,209
exit,12,210
"selfe,",11,211
caius,11,212
name,11,213
might,11,214
true,11,215
brutus.,11,216
shew,11,217
caes.,11,218
hee,11,219
1.,11,220
send,11,221
hold,11,222
"so,",11,223
get,11,224
euer,11,225
ser.,11,226
follow,11,227
other,11,228
"gods,",11,229
"lucius,",11,230
spirit,10,231
"lord,",10,232
meete,10,233
two,10,234
2.,10,235
place,10,236
"know,",10,237
thing,10,238
philippi,10,239
cass.,10,240
master,10,241
mighty,10,242
beares,10,243
run,10,244
bring,10,245
people,10,246
titinius,10,247
keepe,10,248
farewell,10,249
"friend,",10,250
else,10,251
after,10,252
before,10,253
common,9,254
capitoll,9,255
so:,9,256
sooth.,9,257
gentle,9,258
"that,",9,259
peace,9,260
"no,",9,261
fire,9,262
cry,9,263
nothing,9,264
sure,9,265
full,9,266
better,9,267
fell,9,268
"death,",9,269
gods,9,270
those,9,271
friend,9,272
"come,",9,273
onely,9,274
vnder,9,275
roman,9,276
march,9,277
being,9,278
"now,",9,279
"them,",9,280
"againe,",9,281
dye,9,282
liue,9,283
meane,9,284
directly,9,285
owne,9,286
it.,9,287
face,9,288
4.,9,289
"peace,",8,290
"titinius,",8,291
"fire,",8,292
turne,8,293
them.,8,294
metellus,8,295
him.,8,296
"part,",8,297
"hand,",8,298
poore,8,299
"speake,",8,300
yong,8,301
words,8,302
"feare,",8,303
"dead,",8,304
way,8,305
bloody,8,306
"heere,",8,307
"well,",8,308
friends,8,309
3.,8,310
strange,8,311
forth,8,312
me:,8,313
decius,8,314
against,8,315
answer,8,316
it:,8,317
none,8,318
you?,8,319
brother,8,320
please,8,321
first,8,322
rather,8,323
octauius,8,324
ill,7,325
"lucillius,",7,326
her,7,327
"cato,",7,328
me.,7,329
walke,7,330
old,7,331
2,7,332
me?,7,333
"once,",7,334
home,7,335
durst,7,336
strong,7,337
himselfe,7,338
read,7,339
so?,7,340
"boy,",7,341
cin.,7,342
welcome,7,343
stirre,7,344
cause,7,345
worthy,7,346
let's,7,347
away,7,348
"it,",7,349
"what,",7,350
3,7,351
honor,7,352
sword,7,353
"cause,",7,354
"yet,",7,355
hands,7,356
"hands,",7,357
three,7,358
beene,7,359
seene,7,360
eyes,7,361
antony:,7,362
body,7,363
meanes,7,364
messala,7,365
fall,7,366
heard,7,367
did'st,7,368
saw,7,369
hearts,7,370
"looke,",7,371
sicke,7,372
she,7,373
ye,6,374
remember,6,375
"done,",6,376
loues,6,377
left,6,378
pardon,6,379
crowne,6,380
caska,6,381
clit.,6,382
pindarus,6,383
seeke,6,384
within,6,385
part,6,386
traitors,6,387
there's,6,388
ides,6,389
"world,",6,390
ouer,6,391
right,6,392
pray,6,393
generall,6,394
fetch,6,395
went,6,396
portia,6,397
fit,6,398
"on,",6,399
lye,6,400
"downe,",6,401
deere,6,402
cassius:,6,403
house,6,404
"vs,",6,405
call,6,406
dead,6,407
this:,6,408
ere,6,409
sleepe,6,410
lucius.,6,411
&,6,412
flye,6,413
last,6,414
alarum.,6,415
deci.,6,416
since,6,417
"be,",6,418
"sayes,",6,419
lucil.,6,420
4,6,421
"strato,",6,422
vile,6,423
kill,6,424
"true,",6,425
"eyes,",6,426
"life,",6,427
lou'd,6,428
cassius.,6,429
man.,6,430
leade,6,431
lucillius,6,432
seruant.,6,433
enter.,6,434
"loue,",6,435
though,6,436
pompeyes,6,437
both,6,438
talke,6,439
hide,6,440
publius,6,441
lord?,6,442
came,6,443
tongue,6,444
whether,5,445
this?,5,446
"sword,",5,447
1,5,448
cinna,5,449
him;,5,450
titin.,5,451
still,5,452
you.,5,453
lookes,5,454
heere?,5,455
thee.,5,456
"fellow,",5,457
him?,5,458
"see,",5,459
well.,5,460
perceiue,5,461
dayes,5,462
so.,5,463
will:,5,464
"himselfe,",5,465
day:,5,466
change,5,467
found,5,468
"is,",5,469
reade,5,470
seuerall,5,471
braue,5,472
marcus,5,473
tooke,5,474
sonne,5,475
seeme,5,476
times,5,477
world,5,478
"spirits,",5,479
end,5,480
meet,5,481
"word,",5,482
little,5,483
"by,",5,484
"countrymen,",5,485
cut,5,486
without,5,487
backe,5,488
breake,5,489
farre,5,490
further,5,491
dangerous,5,492
trade,5,493
note,5,494
yours,5,495
speakes,5,496
voyce,5,497
awake,5,498
vs.,5,499
least,5,500
calp.,5,501
"liue,",5,502
"cinna,",5,503
prepare,5,504
cai.,5,505
not?,5,506
same,5,507
lucius,5,508
tent,5,509
high,5,510
trebonius,5,511
"vse,",5,512
enemy,5,513
wilt,5,514
"house,",5,515
"romans,",5,516
"ligarius,",5,517
respect,5,518
appeare,5,519
cymber,5,520
fare,5,521
suite,5,522
"heart,",5,523
cannot,5,524
cicero,5,525
through,5,526
"indeed,",5,527
offer'd,5,528
"ho,",5,529
shake,5,530
fla.,5,531
gaue,5,532
actus,5,533
decius.,5,534
weake,5,535
not:,5,536
"away,",5,537
brought,5,538
selues,5,539
base,5,540
wherefore,5,541
passe,5,542
mur.,5,543
whose,5,544
tit.,5,545
angry,5,546
here,5,547
life,5,548
night:,5,549
vse,5,550
blame,5,551
"matter,",5,552
"trebonius,",4,553
"decius,",4,554
"reasons,",4,555
"there,",4,556
point,4,557
lord.,4,558
cic.,4,559
nature,4,560
plebeians.,4,561
"crowne,",4,562
"hard,",4,563
tempt,4,564
minde,4,565
cassius?,4,566
dost,4,567
who's,4,568
speech,4,569
write,4,570
patience,4,571
dare,4,572
grace,4,573
red,4,574
"wounds,",4,575
mindes,4,576
state,4,577
time:,4,578
satisfied,4,579
certaine,4,580
triumph,4,581
on:,4,582
feeble,4,583
dreadfull,4,584
endure,4,585
pulpit,4,586
"volumnius,",4,587
weare,4,588
mou'd,4,589
beware,4,590
reason,4,591
wisely,4,592
"vp,",4,593
"forth,",4,594
quite,4,595
plucke,4,596
enough,4,597
antony.,4,598
"backe,",4,599
"more,",4,600
well:,4,601
poet.,4,602
held,4,603
"spirit,",4,604
said,4,605
honest,4,606
gone,4,607
neere,4,608
behold,4,609
"do,",4,610
resolu'd,4,611
cold,4,612
glad,4,613
caska:,4,614
senate,4,615
"heauen,",4,616
"go,",4,617
cob.,4,618
"yes,",4,619
lay,4,620
"place,",4,621
brutus:,4,622
fellow,4,623
is:,4,624
valiant,4,625
army.,4,626
wish,4,627
"hence,",4,628
"alas,",4,629
wherein,4,630
sad,4,631
roome,4,632
thought,4,633
"selues,",4,634
themselues,4,635
look,4,636
hard,4,637
indeed,4,638
"blood,",4,639
"all,",4,640
signe,4,641
whil'st,4,642
"body,",4,643
"senators,",4,644
another,4,645
manet,4,646
giuen,4,647
"he,",4,648
caesar!,4,649
begge,4,650
presse,4,651
"cynna,",4,652
taken,4,653
ho,4,654
thinkes,4,655
houre,4,656
stra.,4,657
"euer,",4,658
monstrous,4,659
fly,4,660
that's,4,661
fast,4,662
mutiny,4,663
that?,4,664
away:,4,665
"honor,",4,666
"fall,",4,667
ought,4,668
burne,4,669
along,4,670
th',4,671
"out,",4,672
letters,4,673
worke,4,674
giues,4,675
thou?,4,676
treb.,4,677
rest,4,678
shalt,4,679
thing?,4,680
halfe,4,681
new,4,682
offended.,4,683
teare,4,684
hee's,4,685
deny'd,4,686
noblest,4,687
weepe,4,688
"roman,",4,689
"rest,",4,690
hence,4,691
reasons,4,692
var.,4,693
(which,4,694
vertue,4,695
(as,4,696
not.,4,697
"stand,",4,698
aduantage,3,699
fault,3,700
"gone,",3,701
presently,3,702
too:,3,703
according,3,704
low,3,705
matter,3,706
taper,3,707
fearefull,3,708
desire,3,709
titinius:,3,710
"way,",3,711
ghost,3,712
alas,3,713
call'd,3,714
beseech,3,715
publike,3,716
"did,",3,717
i:,3,718
madam,3,719
hence:,3,720
for?,3,721
purpose,3,722
manner,3,723
'twas,3,724
free,3,725
mother,3,726
heere's,3,727
on.,3,728
"capitoll,",3,729
already,3,730
growne,3,731
"enterprize,",3,732
what's,3,733
sweet,3,734
earth,3,735
told,3,736
"any,",3,737
forget,3,738
"in,",3,739
"hoe,",3,740
"side,",3,741
led,3,742
calphurnia,3,743
"lepidus,",3,744
hot,3,745
head,3,746
goes,3,747
dreame,3,748
"hearts,",3,749
men.,3,750
hundred,3,751
death.,3,752
thrice,3,753
smile,3,754
greater,3,755
"minde,",3,756
consent,3,757
brutus?,3,758
hearke,3,759
truly,3,760
turn'd,3,761
"off,",3,762
apt,3,763
feare:,3,764
"worth,",3,765
wrong'd,3,766
funerall,3,767
"letters,",3,768
become,3,769
knew,3,770
graunt,3,771
eye,3,772
lesse,3,773
fled,3,774
happy,3,775
is't,3,776
"besides,",3,777
"within,",3,778
borne,3,779
faults,3,780
construe,3,781
art.,3,782
greefes,3,783
worse,3,784
"gold,",3,785
"noble,",3,786
makes,3,787
volumnius.,3,788
kinde,3,789
hither,3,790
do?,3,791
lye?,3,792
doest,3,793
day.,3,794
reuenge,3,795
"withall,",3,796
messala.,3,797
refus'd,3,798
"hither,",3,799
haste,3,800
vrge,3,801
no:,3,802
yee,3,803
pind.,3,804
thine,3,805
proper,3,806
toward,3,807
senators,3,808
market,3,809
drop,3,810
"about,",3,811
dagger,3,812
lucius:,3,813
once,3,814
messala:,3,815
deed,3,816
"meet,",3,817
wine,3,818
enterprize,3,819
visit,3,820
eare,3,821
runne,3,822
antonio,3,823
thunder,3,824
lepidus,3,825
priuate,3,826
conquest,3,827
because,3,828
"claudio,",3,829
both.,3,830
nay,3,831
spoke,3,832
affayres,3,833
"smiles,",3,834
course,3,835
second,3,836
"eye,",3,837
say:,3,838
idle,3,839
"hearke,",3,840
pluckt,3,841
ple.,3,842
sicke?,3,843
lies,3,844
againe,3,845
"enough,",3,846
iulius,3,847
"while,",3,848
"said,",3,849
hee?,3,850
"nay,",3,851
flauius.,3,852
soone,3,853
now?,3,854
successe,3,855
begin,3,856
"humor,",3,857
offence,3,858
answer'd,3,859
woman,3,860
"flye,",3,861
morning,3,862
turnes,3,863
cato.,3,864
order,3,865
ghost.,3,866
statue,3,867
againe:,3,868
ordinary,3,869
"wife,",3,870
caesar?,3,871
"words,",3,872
knowes,3,873
trouble,3,874
doubt,3,875
"but,",3,876
"sirs,",3,877
"spurre,",3,878
noyse,3,879
thing.,3,880
while,3,881
"metellus,",3,882
all:,3,883
foorth,3,884
safe,3,885
cicero.,3,886
dard.,3,887
ambitious:,3,888
"much,",3,889
bed,3,890
present,3,891
fearing,3,892
it?,3,893
pompey,3,894
"flood,",3,895
fashion,3,896
kisse,3,897
number,3,898
sound,3,899
loose,3,900
mettle,3,901
honors,3,902
things.,3,903
country,3,904
thoughts,3,905
tydings,3,906
"constancie,",3,907
speak,3,908
"heare,",3,909
"wise,",3,910
power,3,911
together:,3,912
crosse,3,913
backe:,3,914
opinion,3,915
honour,3,916
beleeue,3,917
receiue,3,918
sit,3,919
once:,3,920
way:,3,921
"mee,",3,922
"rage,",3,923
saue,3,924
buried,3,925
brings,3,926
what?,3,927
ran,3,928
"health,",3,929
forth:,3,930
tyber,3,931
capitoll:,3,932
sayes,3,933
prythee,3,934
does,3,935
ride,3,936
huge,3,937
do'st,3,938
"mou'd,",3,939
army,3,940
commend,3,941
"winde,",3,942
"deede,",3,943
selfe.,3,944
heauens,3,945
sweare,3,946
metel.,3,947
close,3,948
clocke,3,949
tane,3,950
masters,3,951
constant,3,952
battell,3,953
lep.,3,954
streets,3,955
pitty,3,956
ne're,3,957
"ceremonies,",2,958
not;,2,959
duty,2,960
ancestors,2,961
higher,2,962
redresse,2,963
poet,2,964
"gate,",2,965
itching,2,966
brest,2,967
"glories,",2,968
deerer,2,969
secrets,2,970
calphurnia's,2,971
"traitors,",2,972
elder,2,973
beholding,2,974
"late,",2,975
ready,2,976
yeeld,2,977
"good,",2,978
"god,",2,979
armes,2,980
"purposes,",2,981
willing,2,982
"worke,",2,983
"am,",2,984
contented,2,985
daggers,2,986
bones,2,987
"stab,",2,988
honesty,2,989
fashion.,2,990
sicknesse?,2,991
"coward,",2,992
caska.,2,993
yeares,2,994
consider,2,995
"calphurnia,",2,996
clitus,2,997
"heard,",2,998
ensigne,2,999
sway'd,2,1000
lost,2,1001
billes,2,1002
souldier,2,1003
"regard,",2,1004
man?,2,1005
riu'd,2,1006
speaking,2,1007
gallant,2,1008
"brow,",2,1009
"still,",2,1010
euils,2,1011
depart,2,1012
streame,2,1013
deeds,2,1014
legions,2,1015
"sirra,",2,1016
intreat,2,1017
"soule,",2,1018
proofe,2,1019
"o,",2,1020
instruments,2,1021
"wildenesse,",2,1022
lyes,2,1023
dangers,2,1024
knaue,2,1025
commons,2,1026
holds,2,1027
barren,2,1028
reason.,2,1029
"generals,",2,1030
"portia,",2,1031
chariot,2,1032
start,2,1033
within.,2,1034
"wrong,",2,1035
alone,2,1036
crown'd,2,1037
for.,2,1038
"therein,",2,1039
pricke,2,1040
enuy,2,1041
hauing,2,1042
greefe,2,1043
'em,2,1044
"ambitious,",2,1045
haile,2,1046
"thought,",2,1047
crost,2,1048
deseru'd,2,1049
walk'd,2,1050
"too,",2,1051
downe.,2,1052
satisfied:,2,1053
"talke,",2,1054
infants,2,1055
"farre,",2,1056
sawcy,2,1057
"yesterday,",2,1058
schoole,2,1059
"liberty,",2,1060
vnderneath,2,1061
thee?,2,1062
portia:,2,1063
brands,2,1064
goe,2,1065
yea,2,1066
"valiant,",2,1067
better.,2,1068
popillius,2,1069
leape,2,1070
question,2,1071
immediately,2,1072
slew,2,1073
kill'd,2,1074
leads,2,1075
rul'd,2,1076
rushing,2,1077
will.,2,1078
ages,2,1079
"soules,",2,1080
pindarus.,2,1081
rid,2,1082
"bondman,",2,1083
bee,2,1084
lightning,2,1085
worke:,2,1086
strength,2,1087
hoe.,2,1088
reioyce,2,1089
stands,2,1090
mothers,2,1091
cuts,2,1092
on?,2,1093
"mantle,",2,1094
patient,2,1095
"along,",2,1096
age,2,1097
"strike,",2,1098
night;,2,1099
then:,2,1100
friendly,2,1101
liues,2,1102
soothsayer.,2,1103
soldiers,2,1104
steale,2,1105
"eares,",2,1106
ligarius.,2,1107
plaine,2,1108
ambitions,2,1109
"truly,",2,1110
"generall,",2,1111
boy:,2,1112
made.,2,1113
wrong:,2,1114
bury,2,1115
sight,2,1116
(for,2,1117
marching,2,1118
"hilts,",2,1119
"mighty,",2,1120
"going,",2,1121
should'st,2,1122
selfe:,2,1123
ambition,2,1124
issue,2,1125
ha's,2,1126
ours,2,1127
"beleeue,",2,1128
"yoake,",2,1129
"tent,",2,1130
dwell,2,1131
"madam,",2,1132
lend,2,1133
poor,2,1134
y,2,1135
"hart,",2,1136
rest:,2,1137
"a-while,",2,1138
tending,2,1139
care,2,1140
aboue,2,1141
"why,",2,1142
"knowne,",2,1143
steele,2,1144
away.,2,1145
choose,2,1146
sold.,2,1147
touches,2,1148
"souldiers,",2,1149
defend,2,1150
home?,2,1151
peece,2,1152
"harke,",2,1153
heereafter.,2,1154
faces,2,1155
sucke,2,1156
faire,2,1157
mans,2,1158
"beasts,",2,1159
night?,2,1160
almost,2,1161
death:,2,1162
going,2,1163
bound,2,1164
begins,2,1165
abide,2,1166
eight,2,1167
bleed,2,1168
fingers,2,1169
(like,2,1170
spot,2,1171
"before,",2,1172
next,2,1173
preferre,2,1174
'tweene,2,1175
"are,",2,1176
intended,2,1177
draw,2,1178
ended,2,1179
publius.,2,1180
sorry,2,1181
more:,2,1182
loe,2,1183
taste,2,1184
more.,2,1185
"conspirators,",2,1186
still:,2,1187
"yours,",2,1188
home:,2,1189
exploit,2,1190
"was,",2,1191
neede,2,1192
tents,2,1193
along.,2,1194
"sonne,",2,1195
deceiu'd:,2,1196
"publius,",2,1197
bosome,2,1198
world.,2,1199
answered,2,1200
"starres,",2,1201
sinke,2,1202
grow,2,1203
"teares,",2,1204
cinna;,2,1205
harme,2,1206
claudio.,2,1207
"cicero,",2,1208
spirits,2,1209
bondage,2,1210
redresse?,2,1211
exalted,2,1212
"amisse,",2,1213
"knees,",2,1214
"change,",2,1215
follow:,2,1216
past,2,1217
heauy:,2,1218
"patience,",2,1219
bathe,2,1220
fortune,2,1221
falling,2,1222
worthinesse,2,1223
"fooles,",2,1224
breed,2,1225
groaning,2,1226
"cannot,",2,1227
whereto,2,1228
together,2,1229
king,2,1230
pin.,2,1231
push,2,1232
"awake,",2,1233
enemies,2,1234
coward,2,1235
morrow?,2,1236
dangerous.,2,1237
men;,2,1238
vs:,2,1239
name?,2,1240
them;,2,1241
aliue,2,1242
long,2,1243
house:,2,1244
an.,2,1245
"spoyle,",2,1246
"businesse,",2,1247
"doores,",2,1248
cobl.,2,1249
"romane,",2,1250
beast,2,1251
pindarus?,2,1252
hill,2,1253
woman;,2,1254
terror,2,1255
fortune:,2,1256
"dying,",2,1257
funerall.,2,1258
weeping,2,1259
"vertue,",2,1260
gentlemen,2,1261
conspirators,2,1262
volum.,2,1263
ouercame,2,1264
"lyon,",2,1265
sodaine,2,1266
bin,2,1267
cast,2,1268
"ayre,",2,1269
"motion,",2,1270
forth?,2,1271
preuent,2,1272
store,2,1273
"seeke,",2,1274
laughter,2,1275
countries,2,1276
assure,2,1277
"speak,",2,1278
"vnbraced,",2,1279
chanc'd,2,1280
"ride,",2,1281
cato's,2,1282
thanke,2,1283
"tane,",2,1284
honorable,2,1285
cruell,2,1286
either,2,1287
oft,2,1288
"cymber,",2,1289
need,2,1290
each,2,1291
bids,2,1292
strooke,2,1293
"conspiracie,",2,1294
danger,2,1295
euill,2,1296
field,2,1297
"brother,",2,1298
sunne,2,1299
"bold,",2,1300
audience,2,1301
yours;,2,1302
speed,2,1303
offered,2,1304
(perhaps),2,1305
dardanius,2,1306
seeing,2,1307
of.,2,1308
redresse.,2,1309
names,2,1310
fret,2,1311
glory,2,1312
"'em,",2,1313
spurres,2,1314
sees,2,1315
"tyber,",2,1316
"impossible,",2,1317
bestow,2,1318
touch,2,1319
cly.,2,1320
swords,2,1321
lord:,2,1322
mightie,2,1323
-,2,1324
writ,2,1325
"griefe,",2,1326
hand.,2,1327
tyrant,2,1328
"clouds,",2,1329
whilst,2,1330
listen,2,1331
bed:,2,1332
bleeding,2,1333
sorrow,2,1334
permission:,2,1335
seem'd,2,1336
"images,",2,1337
"ha,",2,1338
indure,2,1339
commanders,2,1340
fierce,2,1341
fawne,2,1342
buriall.,2,1343
"appeare,",2,1344
light,2,1345
ha?,2,1346
proceeded,2,1347
"face,",2,1348
mens,2,1349
rendred,2,1350
flatterers,2,1351
portia.,2,1352
"depart,",2,1353
one.,2,1354
attaine,2,1355
done:,2,1356
world:,2,1357
fresh,2,1358
spurne,2,1359
"thing,",2,1360
bend,2,1361
good.,2,1362
"wine,",2,1363
blood:,2,1364
opinion:,2,1365
world;,2,1366
countrymen?,2,1367
"aliue,",2,1368
"first,",2,1369
"hold,",2,1370
"age,",2,1371
straight,2,1372
"legions,",2,1373
"ioy,",2,1374
clitus:,2,1375
soules,2,1376
mistrust,2,1377
mess.,2,1378
"for,",2,1379
sicknesse,2,1380
hart,2,1381
boy,2,1382
walkes,2,1383
charge,2,1384
"pindarus,",2,1385
"oath,",2,1386
"flauius,",2,1387
lusty,2,1388
forme,2,1389
dec.,2,1390
else?,2,1391
incorporate,2,1392
com'st,2,1393
destruction,2,1394
businesse,2,1395
conspirator,2,1396
"market-place,",2,1397
strokes,2,1398
ground,2,1399
rash,2,1400
do:,2,1401
gods!,2,1402
humour,2,1403
liberty,2,1404
rich,2,1405
"alone,",2,1406
teares,2,1407
ambitious,2,1408
hearts:,2,1409
married,2,1410
pardon:,2,1411
greeke,2,1412
discouer,2,1413
shout.,2,1414
gold,2,1415
something,2,1416
feast,2,1417
haire,2,1418
drinke,2,1419
going?,2,1420
honour'd,2,1421
much:,2,1422
what:,2,1423
"sardis,",2,1424
parts,2,1425
go.,2,1426
set.,2,1427
sting,2,1428
woe,2,1429
gone.,2,1430
answer:,2,1431
stood,2,1432
matter?,2,1433
gowne.,2,1434
curse,2,1435
proscription,2,1436
fathers,2,1437
sir,2,1438
breefely,2,1439
gouern'd,2,1440
open,2,1441
field.,2,1442
instrument,2,1443
"breefely,",2,1444
"haue,",2,1445
"battaile,",2,1446
humble,2,1447
"armes,",2,1448
1.ple.,2,1449
teeth.,2,1450
"ouer,",2,1451
aske,2,1452
lady,2,1453
clau.,2,1454
"condition,",2,1455
raise,2,1456
impatience,2,1457
stay'd,2,1458
yonder,2,1459
canst,2,1460
growing,2,1461
wife,2,1462
lyons,2,1463
fiery,2,1464
tide,2,1465
still.,2,1466
sights,2,1467
promise,2,1468
comfort,2,1469
betweene,2,1470
"power,",2,1471
truth,2,1472
againe?,2,1473
rise,2,1474
agen,2,1475
battailes,2,1476
"vile,",2,1477
"souldier,",2,1478
"tell,",2,1479
country-men,2,1480
parting,2,1481
"pale,",2,1482
round,2,1483
enemies.,2,1484
priests,2,1485
"warre,",2,1486
credit,2,1487
holy,2,1488
"thinking,",2,1489
"abroad,",2,1490
fight.,2,1491
thrusting,2,1492
seuenty,2,1493
drum.,2,1494
decree,2,1495
shew'd,2,1496
dye:,2,1497
"time,",2,1498
"cowards,",2,1499
strato?,2,1500
stand.,2,1501
blunt,2,1502
fight,2,1503
"poet,",2,1504
acte,2,1505
preuention.,2,1506
liue;,2,1507
fell.,2,1508
third,2,1509
mourning,2,1510
"streets,",2,1511
newes?,2,1512
trebonius.,2,1513
often,2,1514
hung,2,1515
awe,2,1516
vnfold,2,1517
traine.,2,1518
deliuer,2,1519
loued'st,2,1520
clocke?,2,1521
"enemy,",2,1522
dwell?,2,1523
ciuill,2,1524
try,2,1525
octauio's,2,1526
yes,2,1527
met.,2,1528
alarums.,2,1529
(almost),2,1530
strucke,2,1531
"cold,",2,1532
immortall,2,1533
shed,2,1534
obserue,2,1535
personall,2,1536
fellow?,2,1537
rome?,2,1538
horse,2,1539
artemidorus.,2,1540
"heads,",2,1541
friend.,2,1542
trash,2,1543
popil.,2,1544
"better,",2,1545
"yea,",2,1546
tragedie,2,1547
"dye,",2,1548
opens,2,1549
moue,2,1550
shame,2,1551
prickt,2,1552
&c.,2,1553
towards,2,1554
seru'd,2,1555
render,2,1556
ope,2,1557
"run,",2,1558
slight,2,1559
"paper,",2,1560
name:,2,1561
pleasure.,2,1562
there?,2,1563
blood.,2,1564
titinius.,2,1565
"varrus,",2,1566
leaden,2,1567
wound,2,1568
shewes,2,1569
pub.,2,1570
yond,2,1571
mend,2,1572
"freedome,",2,1573
"end,",2,1574
slaine,2,1575
vpward,2,1576
"stones,",2,1577
"round,",2,1578
cauerne,1,1579
"thunder,",1,1580
surly,1,1581
wilt.,1,1582
mes.,1,1583
ascended:,1,1584
contribution.,1,1585
euerie,1,1586
perform'd,1,1587
madman,1,1588
octauius.,1,1589
conference,1,1590
them:,1,1591
disprooue,1,1592
tokens,1,1593
"knock'd,",1,1594
slept,1,1595
sleeke-headed,1,1596
sir:,1,1597
tyranny,1,1598
houre.,1,1599
"troy,",1,1600
"fatall,",1,1601
hee.,1,1602
illuminate,1,1603
"colossus,",1,1604
"sight,",1,1605
"cimber,",1,1606
"sighing,",1,1607
napkins,1,1608
was't,1,1609
mood,1,1610
vulgar,1,1611
aueng'd;,1,1612
"letter,",1,1613
meerely,1,1614
compare,1,1615
came.,1,1616
followed,1,1617
"point,",1,1618
spare,1,1619
deeds:,1,1620
hinder,1,1621
"bowels,",1,1622
tyred,1,1623
deaths,1,1624
speede,1,1625
coffers,1,1626
"stirre,",1,1627
eares,1,1628
"owne,",1,1629
purpos'd,1,1630
fawn'd,1,1631
"foolerie,",1,1632
puisant,1,1633
"beares,",1,1634
rayes,1,1635
hedge,1,1636
change.,1,1637
signall,1,1638
elders,1,1639
tongue-tyed,1,1640
dreamt,1,1641
prethee,1,1642
"trash,",1,1643
slaughter,1,1644
redder,1,1645
soothsayer:,1,1646
"mid-night,",1,1647
"ferret,",1,1648
applauses,1,1649
"quality,",1,1650
souldier:,1,1651
master?,1,1652
protester:,1,1653
ruines,1,1654
"campe,",1,1655
"seene,",1,1656
entreat,1,1657
times.,1,1658
brauely,1,1659
stirr'd,1,1660
growes,1,1661
antony?,1,1662
noted,1,1663
"preuent,",1,1664
"bees,",1,1665
gowne,1,1666
powers.,1,1667
princes,1,1668
foote:,1,1669
holiday?,1,1670
rule,1,1671
"deaths,",1,1672
discard,1,1673
desir'd,1,1674
hidden,1,1675
buffet,1,1676
strawes.,1,1677
aside.,1,1678
suppe,1,1679
thinke.,1,1680
thirsty,1,1681
reason?,1,1682
dy'd,1,1683
sensible,1,1684
blood?,1,1685
praise,1,1686
"sort,",1,1687
entertaine,1,1688
craues,1,1689
reares,1,1690
"colour,",1,1691
conference.,1,1692
asse,1,1693
"creature,",1,1694
battaile?,1,1695
lowe?,1,1696
strings,1,1697
"howted,",1,1698
smallest,1,1699
husbanded?,1,1700
vntouch'd,1,1701
"knee,",1,1702
bright,1,1703
blaze,1,1704
hideous,1,1705
"villager,",1,1706
recreate,1,1707
"dogge,",1,1708
remain'd,1,1709
vnaccustom'd,1,1710
tributaries,1,1711
husbands,1,1712
bonds,1,1713
knowne,1,1714
vnkindest,1,1715
silence,1,1716
neruij.,1,1717
quartus.,1,1718
liberties.,1,1719
"vnborne,",1,1720
"fantasie,",1,1721
beads,1,1722
hangs,1,1723
"engagements,",1,1724
range,1,1725
"firme,",1,1726
space,1,1727
narrow,1,1728
"stake,",1,1729
things:,1,1730
touched,1,1731
messengers,1,1732
rabblement,1,1733
a-while?,1,1734
lowd,1,1735
butchers.,1,1736
spirit.,1,1737
"calculate,",1,1738
(you,1,1739
"terrible,",1,1740
lightning.,1,1741
marry,1,1742
"harlot,",1,1743
squeale,1,1744
"heires,",1,1745
formall,1,1746
"frighted,",1,1747
"antonio,",1,1748
leane,1,1749
"sake,",1,1750
"remember,",1,1751
cryed,1,1752
forgaue,1,1753
beginning,1,1754
gentler,1,1755
enclosed,1,1756
water.,1,1757
heed,1,1758
softly,1,1759
busie,1,1760
expounded,1,1761
"torch-light,",1,1762
vppe,1,1763
otherwise,1,1764
"cryed,",1,1765
shake:,1,1766
addrest:,1,1767
"sell,",1,1768
beleeue.,1,1769
ease,1,1770
[the,1,1771
vnkindnesse,1,1772
(friends),1,1773
"tinctures,",1,1774
generals,1,1775
beest,1,1776
stares?,1,1777
children,1,1778
enemie,1,1779
choak'd,1,1780
"greefes,",1,1781
drops:,1,1782
"beauty,",1,1783
forgot,1,1784
"porch,",1,1785
oft?,1,1786
honourably:,1,1787
"strong,",1,1788
"wit,",1,1789
"perils,",1,1790
"diuided,",1,1791
slippery,1,1792
notwithstanding,1,1793
trophees:,1,1794
carue,1,1795
"chayre,",1,1796
fire?,1,1797
shew:,1,1798
waste,1,1799
driue,1,1800
portentous,1,1801
points,1,1802
seruants,1,1803
warie,1,1804
dar'st,1,1805
palme,1,1806
enterprize.,1,1807
players,1,1808
hats,1,1809
"streete,",1,1810
vtter,1,1811
becomes,1,1812
offices,1,1813
ceremonies,1,1814
images,1,1815
enter:,1,1816
shores?,1,1817
"alchymie,",1,1818
thaw'd,1,1819
mistook,1,1820
"dishonor,",1,1821
"fountaine,",1,1822
"throw,",1,1823
throw,1,1824
scarffes,1,1825
"senses,",1,1826
throwing,1,1827
walles,1,1828
spoke.,1,1829
mixt,1,1830
whatsoeuer,1,1831
thunder-stone:,1,1832
pause,1,1833
foot,1,1834
vndeseruers,1,1835
bidding.,1,1836
streets.,1,1837
gamesom:,1,1838
ioyn'd;,1,1839
retentiue,1,1840
wrangle.,1,1841
"hope,",1,1842
acquainted,1,1843
domesticke,1,1844
apprehensiue;,1,1845
"murellus,",1,1846
come:,1,1847
safety,1,1848
flattery,1,1849
resort,1,1850
windowes,1,1851
crimson'd,1,1852
muffling,1,1853
indifferent,1,1854
slighted,1,1855
sober,1,1856
(by,1,1857
"couetous,",1,1858
indifferently:,1,1859
simple,1,1860
will;,1,1861
interim,1,1862
holyday,1,1863
shouting,1,1864
sterrile,1,1865
sleepy,1,1866
iades,1,1867
benefit,1,1868
ho:,1,1869
drizel'd,1,1870
burneth,1,1871
"temper'd,",1,1872
"instrument,",1,1873
"arm'd,",1,1874
"wherein,",1,1875
masters?,1,1876
neither.,1,1877
tertius.,1,1878
incompast,1,1879
hoe,1,1880
worthier,1,1881
"neede,",1,1882
necke.,1,1883
window,1,1884
doth;,1,1885
"occupation,",1,1886
wring,1,1887
"breathlesse,",1,1888
guiltinesse:,1,1889
car.,1,1890
stemming,1,1891
"growne,",1,1892
speechlesse,1,1893
besmeare,1,1894
climb'd,1,1895
early,1,1896
companies,1,1897
ruddy,1,1898
omnes.,1,1899
wander,1,1900
deale,1,1901
"was't,",1,1902
"shores,",1,1903
murd'rous,1,1904
murderers:,1,1905
vnmeritable,1,1906
compasse.,1,1907
maine,1,1908
sides,1,1909
assemble,1,1910
"friendly,",1,1911
power:,1,1912
wofull,1,1913
fooles,1,1914
"ancestor,",1,1915
roate,1,1916
accents,1,1917
make.,1,1918
amaz'd:,1,1919
"ring,",1,1920
engendred,1,1921
themselues.,1,1922
secundus.,1,1923
behinde,1,1924
"bed,",1,1925
night-gowne.,1,1926
"answered,",1,1927
instrument?,1,1928
chidden,1,1929
petition,1,1930
sir.,1,1931
beggers,1,1932
glories,1,1933
marr'd,1,1934
know.,1,1935
"fault,",1,1936
you;,1,1937
imminent;,1,1938
these?,1,1939
chasticement?,1,1940
foule,1,1941
4.ple.,1,1942
"honesty,",1,1943
loue:,1,1944
begun.,1,1945
carkasse,1,1946
"staines,",1,1947
all),1,1948
"stop,",1,1949
"deeds,",1,1950
alasse,1,1951
dust?,1,1952
sennit.,1,1953
deceitfull,1,1954
wisedome,1,1955
"instances,",1,1956
conditions,1,1957
dinner,1,1958
liued,1,1959
"ghosts,",1,1960
bussling,1,1961
alwayes,1,1962
"absence,",1,1963
bloods.,1,1964
iudge,1,1965
"boldest,",1,1966
deerely,1,1967
far,1,1968
"fixt,",1,1969
whisper.,1,1970
murther,1,1971
security,1,1972
heauie,1,1973
doomesday,1,1974
greets,1,1975
"dardanius,",1,1976
might:,1,1977
laugh,1,1978
talk'd,1,1979
property:,1,1980
ventures,1,1981
rime?,1,1982
all;,1,1983
out?,1,1984
heauen,1,1985
prick'd,1,1986
stretch,1,1987
looking,1,1988
meddle,1,1989
met,1,1990
east:,1,1991
"sure,",1,1992
say?,1,1993
"fond,",1,1994
"starre,",1,1995
better?,1,1996
ghosts,1,1997
dies,1,1998
colour,1,1999
sword-,1,2000
disturbed,1,2001
remaine,1,2002
"obiects,",1,2003
thigh:,1,2004
repaire,1,2005
"couchings,",1,2006
"themselues,",1,2007
withall,1,2008
(boy),1,2009
tapor,1,2010
"loines,",1,2011
awe?,1,2012
stoop,1,2013
"royall,",1,2014
vpon's:,1,2015
julius,1,2016
"reuenge,",1,2017
then;,1,2018
"figures,",1,2019
meeke,1,2020
aule:,1,2021
side.,1,2022
warres,1,2023
"leaue,",1,2024
modestie,1,2025
abler,1,2026
friend:,1,2027
birds,1,2028
carrion,1,2029
testie,1,2030
merry;,1,2031
"breath,",1,2032
hollow,1,2033
stones,1,2034
"flourish,",1,2035
eating,1,2036
heads,1,2037
transformed,1,2038
"shout,",1,2039
censure,1,2040
"pulpit,",1,2041
threats:,1,2042
"wonder,",1,2043
"old,",1,2044
prize,1,2045
satisfie,1,2046
ranke:,1,2047
fooles?,1,2048
hugge,1,2049
conspiracie.,1,2050
obey,1,2051
cleane,1,2052
hounds:,1,2053
calles,1,2054
doers.,1,2055
asleepe?,1,2056
consum'd,1,2057
warre:,1,2058
againe.,1,2059
"whole,",1,2060
vaunting,1,2061
shold,1,2062
"certaine,",1,2063
reme[m]ber:,1,2064
knaue?,1,2065
first.,1,2066
"howting,",1,2067
contagion,1,2068
vntill,1,2069
concluded,1,2070
iust,1,2071
enforced,1,2072
litter'd,1,2073
worthles,1,2074
"cheere,",1,2075
"fauors,",1,2076
break'st,1,2077
brother:,1,2078
lippes,1,2079
"learn'd,",1,2080
sayings,1,2081
partake,1,2082
bowle,1,2083
lionnesse,1,2084
councell;,1,2085
vanished,1,2086
"anger,",1,2087
mourne,1,2088
charges,1,2089
lyable,1,2090
secret.,1,2091
ruby,1,2092
"courtesie,",1,2093
taking,1,2094
vnderlings.,1,2095
handy-worke,1,2096
heauens?,1,2097
vp.,1,2098
measure?,1,2099
waues,1,2100
cæsar,1,2101
course?,1,2102
charge.,1,2103
affection:,1,2104
wake,1,2105
swet,1,2106
ranging,1,2107
deuise,1,2108
wafter,1,2109
her?,1,2110
"clitus,",1,2111
attyre?,1,2112
torrent,1,2113
fiue,1,2114
necessities,1,2115
"crown,",1,2116
plunged,1,2117
"demand,",1,2118
"nature,",1,2119
sennet,1,2120
"banish'd,",1,2121
prima.,1,2122
sake?,1,2123
know;,1,2124
"voyces,",1,2125
instrument.,1,2126
terrible.,1,2127
"feede,",1,2128
yoaked,1,2129
"other,",1,2130
dye.,1,2131
pit:,1,2132
(with,1,2133
"sit,",1,2134
hacke,1,2135
"want,",1,2136
(caska),1,2137
mightier,1,2138
gods;,1,2139
statillius,1,2140
stricken,1,2141
"robe,",1,2142
"drawes,",1,2143
"high,",1,2144
abuse;,1,2145
gracious,1,2146
tardie,1,2147
ground?,1,2148
setting,1,2149
disgest,1,2150
nod,1,2151
seldome,1,2152
there:,1,2153
certaine:,1,2154
ha!,1,2155
scene,1,2156
thou:,1,2157
couert,1,2158
"interpreted,",1,2159
"thunder-bolts,",1,2160
"rites,",1,2161
thicke:,1,2162
astonish,1,2163
meanes:,1,2164
"light,",1,2165
seemes,1,2166
corpes,1,2167
place:,1,2168
do;,1,2169
element,1,2170
me;,1,2171
acted,1,2172
a-nights:,1,2173
chanc'd:,1,2174
"necessary,",1,2175
"neuer,",1,2176
bay,1,2177
batchellor,1,2178
free?,1,2179
point?,1,2180
mischiefe,1,2181
"familiar,",1,2182
thinking,1,2183
soules:,1,2184
"sutor,",1,2185
liuing,1,2186
waxe,1,2187
rests,1,2188
falles,1,2189
"walkes,",1,2190
worst,1,2191
obiects,1,2192
locke,1,2193
shooes:,1,2194
laught,1,2195
"thoughts,",1,2196
"marry,",1,2197
anchyses,1,2198
musicke,1,2199
contriuer.,1,2200
"reueng'd,",1,2201
seek,1,2202
firmament.,1,2203
bigge:,1,2204
rightly,1,2205
gouerne,1,2206
vngently,1,2207
salutation,1,2208
sweatie,1,2209
"youths,",1,2210
guide,1,2211
regions:,1,2212
"load,",1,2213
sentence,1,2214
this;,1,2215
pulling,1,2216
perillous,1,2217
sign'd,1,2218
necessary,1,2219
cobble,1,2220
neats,1,2221
"spoke,",1,2222
"cry,",1,2223
hated,1,2224
"respect,",1,2225
cobler,1,2226
insuppressiue,1,2227
iudgement!,1,2228
dip,1,2229
peepe,1,2230
error,1,2231
welcome.,1,2232
mart,1,2233
"arose,",1,2234
br.,1,2235
caska's;,1,2236
arriue,1,2237
leather,1,2238
"houre,",1,2239
else:,1,2240
"dangerous,",1,2241
much?,1,2242
"kingdome,",1,2243
weary,1,2244
funerall:,1,2245
dwelling:,1,2246
"grone,",1,2247
"closet,",1,2248
body.,1,2249
bribes,1,2250
"citizens,",1,2251
on't.,1,2252
layest,1,2253
"louers,",1,2254
chimney,1,2255
chopt,1,2256
swords:,1,2257
"flatterers,",1,2258
watch.,1,2259
"cloake,",1,2260
"disconsolate,",1,2261
wasted,1,2262
wenches,1,2263
gods:,1,2264
siluer,1,2265
rawe,1,2266
(deere,1,2267
"chaire,",1,2268
"may,",1,2269
fates,1,2270
resting,1,2271
weepe:,1,2272
cals,1,2273
likes:,1,2274
limbe,1,2275
vesture,1,2276
"wisedom,",1,2277
mee,1,2278
day!,1,2279
delay,1,2280
tu,1,2281
conquerors,1,2282
sight!,1,2283
bequeathing,1,2284
gone?,1,2285
sicknesse.,1,2286
"follow,",1,2287
"countenance,",1,2288
"ordinance,",1,2289
(at,1,2290
"clocke,",1,2291
villaines!,1,2292
offended,1,2293
y'haue,1,2294
familiar,1,2295
humour?,1,2296
soft,1,2297
skies,1,2298
funerals,1,2299
"prophesie,",1,2300
ouerthrow:,1,2301
vnshak'd,1,2302
thicke.,1,2303
vs),1,2304
"seuen,",1,2305
heere:,1,2306
mourn'd,1,2307
ceremony,1,2308
"roares,",1,2309
doo't,1,2310
sooth,1,2311
abuse,1,2312
produce,1,2313
iigging,1,2314
has,1,2315
presence,1,2316
catching,1,2317
hurle,1,2318
compell'd,1,2319
tis,1,2320
selues;,1,2321
bird,1,2322
hand:,1,2323
guard,1,2324
bar'd,1,2325
quarrell,1,2326
"rauens,",1,2327
"countrey-men,",1,2328
wife.,1,2329
menace,1,2330
villains:,1,2331
wont,1,2332
"serues,",1,2333
prayers,1,2334
palme?,1,2335
fill,1,2336
"fires,",1,2337
qualitie;,1,2338
a-weary,1,2339
march?,1,2340
"toyles,",1,2341
healthfull,1,2342
doubt;,1,2343
"value,",1,2344
"her,",1,2345
cowards,1,2346
amaze,1,2347
showts?,1,2348
cushions,1,2349
doore.,1,2350
opinions,1,2351
walking:,1,2352
within:,1,2353
another?,1,2354
suffered,1,2355
"tyrants,",1,2356
coronets:,1,2357
conceit,1,2358
temper'd,1,2359
"brasse,",1,2360
recount,1,2361
word?,1,2362
with.,1,2363
tell-tale.,1,2364
vexed,1,2365
wherfore,1,2366
dum,1,2367
"moone,",1,2368
"one,",1,2369
demeanor,1,2370
guesse,1,2371
nothing.,1,2372
rent,1,2373
fatter;,1,2374
"sports,",1,2375
regard,1,2376
"mouth,",1,2377
"witnesse,",1,2378
replication,1,2379
roman?,1,2380
formost,1,2381
"powers,",1,2382
flourish,1,2383
countenance,1,2384
flye:,1,2385
spectacle!,1,2386
hew,1,2387
capitoll?,1,2388
groane,1,2389
"arts,",1,2390
intrailes,1,2391
waited,1,2392
"yonder,",1,2393
browes,1,2394
ague,1,2395
"heraulds,",1,2396
inclos'd.,1,2397
benefit:,1,2398
flearing,1,2399
partly,1,2400
sell,1,2401
summes,1,2402
olympus?,1,2403
ninth,1,2404
lofty,1,2405
sort,1,2406
bouge?,1,2407
bondmen,1,2408
inkindled;,1,2409
musicke?,1,2410
lethee.,1,2411
flattered.,1,2412
"princes,",1,2413
"insisted,",1,2414
bowl,1,2415
turning,1,2416
"conceyu'd,",1,2417
prodigious,1,2418
burnes.,1,2419
shine:,1,2420
"gentlemen,",1,2421
aliue.,1,2422
words?,1,2423
"rude,",1,2424
"limbes,",1,2425
courtesies,1,2426
out-liue,1,2427
limbes,1,2428
serpents,1,2429
flash,1,2430
grauity,1,2431
northerne,1,2432
seate,1,2433
"early,",1,2434
"sinewes,",1,2435
sometime,1,2436
lottery.,1,2437
comming,1,2438
ouerthrowne,1,2439
matters,1,2440
newes.,1,2441
mischeefe,1,2442
reioyce?,1,2443
caesar),1,2444
elephants,1,2445
attendants,1,2446
dyest,1,2447
et,1,2448
neere?,1,2449
"griefes,",1,2450
bootlesse,1,2451
"fearefull,",1,2452
in:,1,2453
yours?,1,2454
putting,1,2455
"fingers,",1,2456
sufferance,1,2457
"hell,",1,2458
brutish,1,2459
"fell,",1,2460
letter.,1,2461
bay'd,1,2462
belou'd,1,2463
think'st,1,2464
suffers,1,2465
leades,1,2466
abridg'd,1,2467
batchellor?,1,2468
"dreames,",1,2469
iudge.,1,2470
degrees,1,2471
meere,1,2472
"sea,",1,2473
nobler,1,2474
bethinke,1,2475
dy'de,1,2476
"worst,",1,2477
ambitious?,1,2478
"smiling,",1,2479
"merry,",1,2480
remaines,1,2481
"speede,",1,2482
"doublet,",1,2483
linkes,1,2484
"fray,",1,2485
with-holds,1,2486
surgeon,1,2487
shores,1,2488
maiesticke,1,2489
entrailes.,1,2490
peeuish,1,2491
hands.,1,2492
"councell,",1,2493
"necessitie,",1,2494
lookes.,1,2495
oath:,1,2496
naturall:,1,2497
"thine,",1,2498
neyther,1,2499
share,1,2500
moe,1,2501
infirmitie.,1,2502
"holes,",1,2503
foole,1,2504
doing,1,2505
"soft,",1,2506
"prodigies,",1,2507
sardians;,1,2508
enlarge,1,2509
"laughter,",1,2510
passions,1,2511
a-nights,1,2512
bayed,1,2513
receiuest,1,2514
maske,1,2515
"fates,",1,2516
heere;,1,2517
mean'st,1,2518
ore-swell,1,2519
"closset,",1,2520
whom,1,2521
"hee,",1,2522
"alreadie,",1,2523
deed.,1,2524
glow,1,2525
"exhalations,",1,2526
practice,1,2527
glaz'd,1,2528
fantasie:,1,2529
street?,1,2530
"neere,",1,2531
mo,1,2532
perceiu'd,1,2533
houses.,1,2534
stomackes.,1,2535
heauens:,1,2536
"marriage,",1,2537
petty,1,2538
"thewes,",1,2539
rumor,1,2540
pluto's,1,2541
forgetfull.,1,2542
tut,1,2543
"strife,",1,2544
dyed,1,2545
behauiours:,1,2546
"mooue,",1,2547
"liuing,",1,2548
contriue.,1,2549
euills,1,2550
deckt,1,2551
auoyd,1,2552
vttered,1,2553
tarrying,1,2554
hides,1,2555
heads:,1,2556
worse:,1,2557
"fierie,",1,2558
"train'd,",1,2559
arming,1,2560
"swore,",1,2561
cautelous,1,2562
banquetting,1,2563
meane:,1,2564
could'st,1,2565
"sacrificers,",1,2566
3.ple.,1,2567
"enforc'd,",1,2568
endure.,1,2569
piercing,1,2570
"lips,",1,2571
"last,",1,2572
birth-day:,1,2573
ouer-earnest,1,2574
showts,1,2575
"pulpits,",1,2576
"glasses,",1,2577
leuying,1,2578
apparant,1,2579
within?,1,2580
"ingratitude,",1,2581
embrace,1,2582
prou'd,1,2583
sake,1,2584
"praetors,",1,2585
"dropt,",1,2586
"hearse,",1,2587
"foame,",1,2588
look'd,1,2589
alarums,1,2590
soyle,1,2591
baite,1,2592
"bones,",1,2593
cooling:,1,2594
began,1,2595
touching,1,2596
"sleepe,",1,2597
childe:,1,2598
making,1,2599
"wish'd,",1,2600
"whereof,",1,2601
fortunes,1,2602
"presse,",1,2603
charractery,1,2604
last.,1,2605
"gentle,",1,2606
limbes:,1,2607
while:,1,2608
pledge.,1,2609
wauing,1,2610
"tried,",1,2611
faction.,1,2612
"lines,",1,2613
"crowes,",1,2614
warnings,1,2615
"pleas'd,",1,2616
crowne?,1,2617
warne,1,2618
"state,",1,2619
refuse.,1,2620
raw,1,2621
"defence,",1,2622
breathed,1,2623
true:,1,2624
powers;,1,2625
offall?,1,2626
"women,",1,2627
obscurely,1,2628
truely,1,2629
instigations,1,2630
"immortall,",1,2631
"eare,",1,2632
houres,1,2633
ayre,1,2634
kindle,1,2635
besides,1,2636
"shape,",1,2637
shout,1,2638
modestly,1,2639
parley,1,2640
brothers,1,2641
"stabb'd,",1,2642
guilty,1,2643
mayest,1,2644
yeelded,1,2645
retreat.,1,2646
dayes.,1,2647
tyrants,1,2648
noise,1,2649
honest;,1,2650
horrid,1,2651
numbers:,1,2652
"sodaine,",1,2653
accidentall,1,2654
generals;,1,2655
hatefull,1,2656
winters,1,2657
come;,1,2658
strucken,1,2659
"yee,",1,2660
vnfirme?,1,2661
loosing,1,2662
greeting,1,2663
proud,1,2664
appoint,1,2665
mountaine,1,2666
dint,1,2667
allow'd,1,2668
pretors,1,2669
know),1,2670
complexion,1,2671
heap'd,1,2672
"disclos'd,",1,2673
(alas),1,2674
"yeeld,",1,2675
"diuell,",1,2676
desires;,1,2677
touch'd,1,2678
comming?,1,2679
he.,1,2680
hast.,1,2681
elements,1,2682
curtesie.,1,2683
afear'd,1,2684
meate,1,2685
faith.,1,2686
hole,1,2687
"noone-day,",1,2688
pleasure,1,2689
slumber!,1,2690
"fortunate,",1,2691
auoyded,1,2692
case,1,2693
hoe:,1,2694
wing:,1,2695
"wrongs,",1,2696
pleasing,1,2697
euerlasting,1,2698
2.sold.,1,2699
bold,1,2700
moneths,1,2701
scolding,1,2702
choller?,1,2703
slaues,1,2704
"silent,",1,2705
"bloody,",1,2706
cynicke,1,2707
dismember,1,2708
flatterer.,1,2709
lose,1,2710
generall.,1,2711
effect?,1,2712
one?,1,2713
flint,1,2714
hye,1,2715
sparkes,1,2716
metellus:,1,2717
1.sold.,1,2718
split,1,2719
inflame,1,2720
"thunders,",1,2721
receyuing,1,2722
bent;,1,2723
stare?,1,2724
"helpe,",1,2725
god,1,2726
mouth,1,2727
vanquish'd,1,2728
"parts,",1,2729
wish.,1,2730
professe,1,2731
"villaines,",1,2732
"father'd,",1,2733
"honors,",1,2734
tent:,1,2735
sinke.,1,2736
cicero?,1,2737
threat,1,2738
lambe,1,2739
"confesse,",1,2740
face?,1,2741
"dangers,",1,2742
forgetfull,1,2743
(after,1,2744
now.,1,2745
"extenuated,",1,2746
o!,1,2747
ring,1,2748
basest,1,2749
friends),1,2750
seuerally,1,2751
face:,1,2752
straite,1,2753
"bastardie,",1,2754
statue:,1,2755
pure,1,2756
mortall,1,2757
"seen,",1,2758
afterwards:,1,2759
fuller,1,2760
cogitations.,1,2761
"theatre,",1,2762
false:,1,2763
"killing,",1,2764
wife:,1,2765
post,1,2766
lying,1,2767
calles?,1,2768
conioyntly,1,2769
treason,1,2770
oh,1,2771
strong:,1,2772
ligarius:,1,2773
instantly,1,2774
leafe,1,2775
digest,1,2776
"inforced,",1,2777
womens,1,2778
yeelds,1,2779
voluntary,1,2780
speake.,1,2781
eyes.,1,2782
"clowds,",1,2783
whet,1,2784
charme,1,2785
mouth-,1,2786
"oakes,",1,2787
ayre-lesse,1,2788
winds,1,2789
king:,1,2790
a-part,1,2791
"weake,",1,2792
weakenesse,1,2793
shreeking.,1,2794
apparition.,1,2795
vnkindely,1,2796
"proceeding,",1,2797
"thinke,",1,2798
hoping,1,2799
brauery:,1,2800
action;,1,2801
accoutred,1,2802
now),1,2803
thee:,1,2804
fill:,1,2805
vnknowne?,1,2806
peeces,1,2807
mischeefes.,1,2808
antonies,1,2809
"die,",1,2810
"call'd,",1,2811
diuision,1,2812
disperse,1,2813
king.,1,2814
watch,1,2815
does;,1,2816
clamors,1,2817
"iust,",1,2818
young,1,2819
'em:,1,2820
vow,1,2821
hart:,1,2822
spouting,1,2823
bending,1,2824
"bend,",1,2825
"conquests,",1,2826
chide,1,2827
thought.,1,2828
enemy?,1,2829
"signifies,",1,2830
sodainly,1,2831
mad?,1,2832
too?,1,2833
palter?,1,2834
"horse,",1,2835
dead;,1,2836
knee,1,2837
chollericke,1,2838
tyrannie,1,2839
triall.,1,2840
seruile,1,2841
scope:,1,2842
swound?,1,2843
friends:,1,2844
thriue,1,2845
spouts,1,2846
limitation?,1,2847
sisters,1,2848
sutors,1,2849
forc'd,1,2850
vnscorch'd.,1,2851
sleep'st,1,2852
"error,",1,2853
factious,1,2854
conceptions,1,2855
searching,1,2856
prepar'd,1,2857
harme's,1,2858
chew,1,2859
seale:,1,2860
"ayme,",1,2861
performance,1,2862
once;,1,2863
painted,1,2864
lamented,1,2865
olympus,1,2866
"apace,",1,2867
"bath'd,",1,2868
belike,1,2869
bastard,1,2870
valour,1,2871
valour:,1,2872
should:,1,2873
hunters,1,2874
finis.,1,2875
misgiuing,1,2876
brutus),1,2877
"full,",1,2878
wonders,1,2879
boy),1,2880
murderers.,1,2881
louing:,1,2882
trade?,1,2883
"yong-man,",1,2884
his.,1,2885
history:,1,2886
ashamed,1,2887
"finde,",1,2888
answering,1,2889
stab,1,2890
hence.,1,2891
aye,1,2892
freedome;,1,2893
nice,1,2894
bow'd,1,2895
"lippes,",1,2896
incenses,1,2897
tride,1,2898
wearie,1,2899
"shew,",1,2900
qualitie,1,2901
silence.,1,2902
heeles,1,2903
parthia,1,2904
shooke,1,2905
wounded?,1,2906
praising,1,2907
grone:,1,2908
greeue,1,2909
"difference,",1,2910
"hill,",1,2911
prey;,1,2912
iealous,1,2913
"bee,",1,2914
fifteene,1,2915
"augurers,",1,2916
swallow'd,1,2917
crown'd:,1,2918
banished:,1,2919
"boldly,",1,2920
readie,1,2921
"feathers,",1,2922
sounded,1,2923
"workman,",1,2924
consider:,1,2925
content.,1,2926
tane.,1,2927
nobly,1,2928
preuent.,1,2929
dreampt,1,2930
therein,1,2931
ordered,1,2932
"hatch'd,",1,2933
may'st,1,2934
north,1,2935
summers,1,2936
hackt,1,2937
whizzing,1,2938
feeding,1,2939
rated,1,2940
disposed,1,2941
see;,1,2942
lift,1,2943
murrellus,1,2944
"barres,",1,2945
mean,1,2946
cumber,1,2947
wee,1,2948
supper,1,2949
sleep'st:,1,2950
earnes,1,2951
cares,1,2952
venom,1,2953
appertaine,1,2954
"howre,",1,2955
generall?,1,2956
worth,1,2957
lights,1,2958
"corpes,",1,2959
seal'd,1,2960
"trickes,",1,2961
feares,1,2962
ears:,1,2963
hungry,1,2964
"lightens,",1,2965
graues,1,2966
indirection.,1,2967
melting,1,2968
money,1,2969
wel-beloued,1,2970
"aeneas,",1,2971
"worthy,",1,2972
"honour'd,",1,2973
villaines,1,2974
thriue:,1,2975
wrought,1,2976
through:,1,2977
wonderfull?,1,2978
feauer,1,2979
ioyn'd,1,2980
tempest-dropping-fire.,1,2981
emulation.,1,2982
"palme,",1,2983
purchase,1,2984
"low-crooked-curtsies,",1,2985
strato.,1,2986
you'l,1,2987
spaniell,1,2988
"caius,",1,2989
preuaile,1,2990
"loads,",1,2991
consorted,1,2992
runnes,1,2993
"conditions,",1,2994
"number,",1,2995
haue:,1,2996
discourse,1,2997
whit,1,2998
offering,1,2999
"arme,",1,3000
swore,1,3001
vrg'd,1,3002
vnassayleable,1,3003
hony-lesse,1,3004
gently,1,3005
"rout,",1,3006
heare:,1,3007
subiect,1,3008
horsses,1,3009
"heeles,",1,3010
stonie,1,3011
interpose,1,3012
presents,1,3013
"pray,",1,3014
insurrection.,1,3015
"arises,",1,3016
stal'de,1,3017
grasped,1,3018
how:,1,3019
hastie,1,3020
fawning:,1,3021
earth:,1,3022
striue,1,3023
new-planted,1,3024
an't,1,3025
enough:,1,3026
semblance,1,3027
vanishest.,1,3028
commit,1,3029
vnknowne;,1,3030
dying,1,3031
"fury,",1,3032
fields:,1,3033
"mirth,",1,3034
presented,1,3035
condemn'd,1,3036
pitty:,1,3037
buzzing,1,3038
respect:,1,3039
"orchards,",1,3040
dyes.,1,3041
breast:,1,3042
praying,1,3043
dy,1,3044
leane.,1,3045
piece,1,3046
condition,1,3047
traitor,1,3048
faint:,1,3049
confidence:,1,3050
kingly,1,3051
romane,1,3052
basis,1,3053
proues,1,3054
establish,1,3055
profession?,1,3056
day?,1,3057
thither,1,3058
"confines,",1,3059
himselfe;,1,3060
lyon,1,3061
humor,1,3062
learne,1,3063
"children,",1,3064
permission),1,3065
traitors:,1,3066
"ly,",1,3067
grudge,1,3068
ore-watch'd.,1,3069
1599],1,3070
henceforth,1,3071
humours,1,3072
expect,1,3073
"oration,",1,3074
"glasse,",1,3075
diuell,1,3076
"resolu'd,",1,3077
"head,",1,3078
mention,1,3079
walls,1,3080
tremble.,1,3081
sutor,1,3082
dispos'd:,1,3083
mortified,1,3084
indeede;,1,3085
"phantasma,",1,3086
enemy:,1,3087
aboue.,1,3088
stare,1,3089
metellus;,1,3090
them-,1,3091
volumnius:,1,3092
"apply,",1,3093
foure,1,3094
rebell,1,3095
errand,1,3096
quartered,1,3097
kil'st,1,3098
life:,1,3099
driues,1,3100
list,1,3101
friends.,1,3102
"troopes,",1,3103
"enemies,",1,3104
trod,1,3105
indeede,1,3106
droppes,1,3107
"tempests,",1,3108
whiles,1,3109
forgets,1,3110
stronger,1,3111
"toucht,",1,3112
stretcht,1,3113
gliding,1,3114
waspish,1,3115
standing.,1,3116
quick,1,3117
trembled,1,3118
cinna?,1,3119
confesse,1,3120
warre,1,3121
aswell:,1,3122
mutiny:,1,3123
"fly,",1,3124
"cobler,",1,3125
captiues,1,3126
knocke,1,3127
plucking,1,3128
reuerence.,1,3129
"co[m]monwealth,",1,3130
descend?,1,3131
"field,",1,3132
wash.,1,3133
"shake,",1,3134
"warning,",1,3135
sate,1,3136
"vtterance,",1,3137
ha',1,3138
"reliques,",1,3139
con'd,1,3140
senate.,1,3141
"moreouer,",1,3142
"dungeon,",1,3143
eyther,1,3144
"greefe,",1,3145
easily,1,3146
chance:,1,3147
"doth,",1,3148
prisoner.,1,3149
lowly,1,3150
cut:,1,3151
mount,1,3152
liu'd,1,3153
affections,1,3154
request,1,3155
sits,1,3156
"roar'd,",1,3157
"free-man,",1,3158
intermit,1,3159
carpenter,1,3160
wait,1,3161
pay,1,3162
grug'd,1,3163
fed,1,3164
"spaine,",1,3165
wonder,1,3166
windowes?,1,3167
great?,1,3168
tenure,1,3169
"hounds,",1,3170
smil'd,1,3171
fellow;,1,3172
iealous:,1,3173
mock'd,1,3174
"partly,",1,3175
antonio's,1,3176
high-sighted-tyranny,1,3177
asleepe:,1,3178
annoy,1,3179
"dreamer,",1,3180
wisedome:,1,3181
dignities,1,3182
ambition.,1,3183
"euen,",1,3184
bang,1,3185
feete;,1,3186
gustie,1,3187
depend,1,3188
damned,1,3189
"conscience,",1,3190
impart,1,3191
needs,1,3192
presage.,1,3193
thank,1,3194
"parchment,",1,3195
wast,1,3196
brim,1,3197
demand,1,3198
"conference,",1,3199
"speech,",1,3200
answere,1,3201
"made,",1,3202
worships,1,3203
"sometime,",1,3204
shaking,1,3205
defeat.,1,3206
mechanicall),1,3207
extremities:,1,3208
quality,1,3209
saide,1,3210
sawcie,1,3211
louest,1,3212
"laments,",1,3213
capitoll.,1,3214
"prostrate,",1,3215
ladder,1,3216
regarded,1,3217
peoples,1,3218
"musicke,",1,3219
stale,1,3220
"smoake,",1,3221
enuious,1,3222
sirra,1,3223
compell,1,3224
story:,1,3225
commoners.,1,3226
particle,1,3227
found.,1,3228
crept,1,3229
"these,",1,3230
men:,1,3231
"doore,",1,3232
flame,1,3233
sea,1,3234
health:,1,3235
"tremble,",1,3236
monarkes,1,3237
streetes.,1,3238
hand;,1,3239
addition,1,3240
course.,1,3241
showted,1,3242
strikes.,1,3243
rose,1,3244
bee'st,1,3245
discouered,1,3246
"louer,",1,3247
are.,1,3248
"formes,",1,3249
sooth-sayer,1,3250
truly:,1,3251
"cloakes,",1,3252
think,1,3253
darke,1,3254
blood),1,3255
not'st,1,3256
lena?,1,3257
"pitch,",1,3258
shell.,1,3259
buy,1,3260
fasten,1,3261
tharsus,1,3262
exigent,1,3263
"faculties,",1,3264
mouthes,1,3265
"philippi,",1,3266
one),1,3267
mettle:,1,3268
describ'd,1,3269
"deafe,",1,3270
window;,1,3271
blow,1,3272
appear,1,3273
"a-foot,",1,3274
"graues,",1,3275
falser:,1,3276
truth:,1,3277
leagues,1,3278
infus'd,1,3279
bargaine,1,3280
sometimes?,1,3281
"goes,",1,3282
moreouer,1,3283
strike,1,3284
determined,1,3285
louers,1,3286
slaying,1,3287
"matters,",1,3288
heares,1,3289
"person,",1,3290
shadow:,1,3291
fortunate:,1,3292
"action,",1,3293
drawes,1,3294
thrice?,1,3295
"proscription,",1,3296
heart:,1,3297
kneele?,1,3298
disclose,1,3299
"pitty,",1,3300
"outlarie,",1,3301
vexeth,1,3302
doubted.,1,3303
"proofe,",1,3304
errands:,1,3305
did.,1,3306
remorse,1,3307
east,1,3308
ascend:,1,3309
(being,1,3310
bondman?,1,3311
miseries.,1,3312
befall.,1,3313
gold:,1,3314
lodge,1,3315
natiue,1,3316
may:,1,3317
"neyther,",1,3318
"ransomes,",1,3319
content,1,3320
"vouchsafe,",1,3321
troubled,1,3322
controuersie.,1,3323
thorow,1,3324
body:,1,3325
"triumphes,",1,3326
richest,1,3327
foolerie,1,3328
"roome,",1,3329
brute?,1,3330
rule?,1,3331
hibla,1,3332
pay.,1,3333
supporting,1,3334
bleede,1,3335
pluck'd,1,3336
noble:,1,3337
reades,1,3338
bring'st,1,3339
countrymen:,1,3340
threaten'd,1,3341
"yeeres,",1,3342
cause.,1,3343
song.,1,3344
spirited,1,3345
scandall,1,3346
season,1,3347
"augmented,",1,3348
niggard,1,3349
lupercall,1,3350
showting?,1,3351
smiles,1,3352
grey,1,3353
"throng,",1,3354
"faithfull,",1,3355
"insupportable,",1,3356
repealing,1,3357
moou'd:,1,3358
sardis,1,3359
"ease,",1,3360
inroll'd,1,3361
opening,1,3362
better:,1,3363
was),1,3364
villaine,1,3365
liue-long,1,3366
greeu'd,1,3367
"angell,",1,3368
powres,1,3369
"elbowes,",1,3370
meditating,1,3371
break.,1,3372
crouch,1,3373
how-euer,1,3374
spirit:,1,3375
maisters!,1,3376
soule,1,3377
sheepe:,1,3378
dispos'd,1,3379
troopes,1,3380
single,1,3381
bent,1,3382
'em.,1,3383
walking,1,3384
"rise,",1,3385
"know'st,",1,3386
"south,",1,3387
where's,1,3388
impatient,1,3389
clouds:,1,3390
prodigies,1,3391
philosophy,1,3392
betimes,1,3393
rudenesse,1,3394
tag-ragge,1,3395
"chides,",1,3396
calphurnia:,1,3397
flatterers?,1,3398
traine;,1,3399
arm'd,1,3400
naked,1,3401
appearing,1,3402
alone?,1,3403
blacke,1,3404
knot,1,3405
lacke,1,3406
misconstrued,1,3407
euer:,1,3408
drinkes,1,3409
apparrell,1,3410
"burne,",1,3411
pleasure?,1,3412
know'st,1,3413
other;,1,3414
"wolfe,",1,3415
paines,1,3416
sacred,1,3417
kindnesse.,1,3418
sterner,1,3419
euening,1,3420
millions,1,3421
dash,1,3422
william,1,3423
"propos'd,",1,3424
suburbs,1,3425
offer,1,3426
fearefulnesse.,1,3427
stole,1,3428
promis'd,1,3429
sickly,1,3430
thousand,1,3431
"sleeue,",1,3432
losse!,1,3433
houre;,1,3434
disrobe,1,3435
notice,1,3436
winne,1,3437
purpose.,1,3438
"vnder-goe,",1,3439
suffering,1,3440
ore-sway,1,3441
vniuersall,1,3442
"ranke,",1,3443
appetite,1,3444
cal.,1,3445
dine,1,3446
gowne:,1,3447
path,1,3448
holyday?,1,3449
vnpurged,1,3450
minded,1,3451
expedition,1,3452
vpmost,1,3453
captiue,1,3454
pre-formed,1,3455
"earth,",1,3456
"bondmen,",1,3457
infirmities;,1,3458
neighbors,1,3459
selfe;,1,3460
presently.,1,3461
stolne,1,3462
"obseruer,",1,3463
recouer,1,3464
time.,1,3465
mooue,1,3466
"multitude,",1,3467
"slaue,",1,3468
reades.,1,3469
vnlesse,1,3470
humour.,1,3471
temper,1,3472
"sicke,",1,3473
legacies,1,3474
asse),1,3475
sunne:,1,3476
mender,1,3477
streets?,1,3478
"willes,",1,3479
comets,1,3480
spake,1,3481
quintus.,1,3482
knockes:,1,3483
shakespeare,1,3484
scap'd,1,3485
slaues;,1,3486
flourish'd,1,3487
back.,1,3488
barke:,1,3489
"reade,",1,3490
long.,1,3491
"playes,",1,3492
wept:,1,3493
eternall,1,3494
beare),1,3495
"dewes,",1,3496
flauio,1,3497
pitteous,1,3498
marrie:,1,3499
purpled,1,3500
"steele,",1,3501
twentie,1,3502
papers,1,3503
reuiuing,1,3504
"shame,",1,3505
wer't,1,3506
reflection;,1,3507
mischieuous;,1,3508
in.,1,3509
"sufficeth,",1,3510
execution,1,3511
"officers,",1,3512
first:,1,3513
among,1,3514
"loues,",1,3515
shrieke,1,3516
drachmaes,1,3517
drawne,1,3518
"driue,",1,3519
graues.,1,3520
"softly,",1,3521
repeale,1,3522
lane,1,3523
theater.,1,3524
amisse,1,3525
kites,1,3526
"obseru'd,",1,3527
"night-cappes,",1,3528
counters,1,3529
cup:,1,3530
"wish,",1,3531
"thrice,",1,3532
"leade,",1,3533
"meanes,",1,3534
"should,",1,3535
downward,1,3536
sicken,1,3537
cowardice:,1,3538
o're-shot,1,3539
"safe,",1,3540
vpon.,1,3541
awake.,1,3542
"fear'd,",1,3543
reeke,1,3544
"creatures,",1,3545
girle:,1,3546
varrus,1,3547
"stare,",1,3548
"note-booke,",1,3549
mark'd,1,3550
age.,1,3551
owe,1,3552
faith:,1,3553
"new-fir'd,",1,3554
newes,1,3555
"like,",1,3556
passe.,1,3557
comment,1,3558
mouths,1,3559
"tops,",1,3560
feeds,1,3561
mak'st,1,3562
lowest,1,3563
rites,1,3564
i'th,1,3565
whisper,1,3566
"lesse,",1,3567
dishonourable,1,3568
"carrions,",1,3569
creatures,1,3570
weapons,1,3571
seruice,1,3572
may;,1,3573
false,1,3574
labio,1,3575
scorning,1,3576
"battlements,",1,3577
"free,",1,3578
appear'd,1,3579
"drachmaes,",1,3580
verses,1,3581
older,1,3582
walk,1,3583
do),1,3584
(good,1,3585
musicke;,1,3586
wheeles?,1,3587
"spoiles,",1,3588
rocke,1,3589
cymber:,1,3590
cancell,1,3591
"honourable,",1,3592
flourish.,1,3593
reuerence,1,3594
ancestors;,1,3595
returning,1,3596
added,1,3597
kissing,1,3598
"swoonded,",1,3599
hope,1,3600
march.,1,3601
wretched,1,3602
vs'd,1,3603
"smile,",1,3604
"passion,",1,3605
legacie,1,3606
me!,1,3607
vouchsafe,1,3608
diuers,1,3609
mad:,1,3610
then.,1,3611
stroken,1,3612
swell,1,3613
"lupercall,",1,3614
bloods,1,3615
side,1,3616
"windowes,",1,3617
hoe?,1,3618
"prisoner,",1,3619
knocks:,1,3620
company,1,3621
gates,1,3622
"sparkes,",1,3623
"intend,",1,3624
"satisfaction,",1,3625
'twixt,1,3626
chose,1,3627
liuing.,1,3628
heare.,1,3629
"offence,",1,3630
custome,1,3631
world!,1,3632
foe,1,3633
"hie,",1,3634
"sufferance,",1,3635
"pearch'd,",1,3636
"dull,",1,3637
sickely,1,3638
prouidence,1,3639
seduc'd?,1,3640
haires,1,3641
also.,1,3642
signified,1,3643
soare,1,3644
below,1,3645
leysure),1,3646
perswasion,1,3647
sirs:,1,3648
thus?,1,3649
rankes,1,3650
robbers:,1,3651
cull,1,3652
brau'd,1,3653
naughty,1,3654
current,1,3655
party-,1,3656
vseth,1,3657
reueller,1,3658
greeuously,1,3659
iudgement,1,3660
"sayd,",1,3661
street,1,3662
"corruption,",1,3663
pocket,1,3664
eruptions,1,3665
glanced,1,3666
"morrow,",1,3667
reply,1,3668
attaines,1,3669
debt,1,3670
"adder,",1,3671
confounded,1,3672
"stoope,",1,3673
blowes,1,3674
attempts.,1,3675
"pawse,",1,3676
(among,1,3677
decline.,1,3678
honourable.,1,3679
thus;,1,3680
prouender.,1,3681
gastly,1,3682
threw,1,3683
stab'd,1,3684
view,1,3685
"philosophy,",1,3686
"knaue,",1,3687
"inuenomed,",1,3688
feele,1,3689
concaue,1,3690
then?,1,3691
"houses,",1,3692
pul'd,1,3693
crying,1,3694
seuen,1,3695
constantly,1,3696
pella,1,3697
coniure,1,3698
"tower,",1,3699
twenty,1,3700
outward,1,3701
chafing,1,3702
pleasures,1,3703
portia?,1,3704
wholsome,1,3705
betray'd,1,3706
compact,1,3707
day-,1,3708
slip,1,3709
take:,1,3710
forrest,1,3711
gray-beards,1,3712
sixe,1,3713
"rhewmy,",1,3714
"comming,",1,3715
cognisance.,1,3716
seale,1,3717
earely,1,3718
plague,1,3719
"content,",1,3720
booke,1,3721
"shakes,",1,3722
"practice,",1,3723
"foote,",1,3724
helpe,1,3725
shrew'd,1,3726
agree:,1,3727
resolution,1,3728
reueng'd:,1,3729
rome:,1,3730
shriller,1,3731
offences,1,3732
saying,1,3733
lucillius.,1,3734
fellow.,1,3735
"labour'd,",1,3736
whelped,1,3737
benches,1,3738
her:,1,3739
youthfull,1,3740
alone.,1,3741
tarry,1,3742
bribes?,1,3743
"pre-ordinance,",1,3744
testament,1,3745
flood,1,3746
rome.,1,3747
heede,1,3748
"goe,",1,3749
sufficeth,1,3750
foote,1,3751
enioy,1,3752
flowers,1,3753
"steeds,",1,3754
vngentle,1,3755
honours,1,3756
tradesmans,1,3757
"ingag'd,",1,3758
italy:,1,3759
"taste,",1,3760
"mans,",1,3761
"mothers,",1,3762
hee'l,1,3763
2.ple.,1,3764
vnto.,1,3765
proclaime,1,3766
"truely,",1,3767
"silence,",1,3768
motiues,1,3769
stayes,1,3770
passion,1,3771
worth;,1,3772
loue.,1,3773
popillius?,1,3774
downe?,1,3775
faults.,1,3776
angel.,1,3777
strike?,1,3778
moued,1,3779
"sacrifice,",1,3780
battaile,1,3781
bond,1,3782
deriu'd,1,3783
"therefore,",1,3784
out:,1,3785
"ladder,",1,3786
"his,",1,3787
"bankes,",1,3788
scedule,1,3789
"encounter,",1,3790
conceited:,1,3791
knocke.,1,3792
stomacke,1,3793
slewe,1,3794
lena,1,3795
coniur'd,1,3796
spleene,1,3797
"begin,",1,3798
country-men:,1,3799
shop,1,3800
"verses,",1,3801
winde,1,3802
sirra:,1,3803
reading?,1,3804
enough.,1,3805
bond-man,1,3806
"kill,",1,3807
sort;,1,3808
haile:,1,3809
shrewdly,1,3810
preuayl'd,1,3811
sham'st,1,3812
vs?,1,3813
weighing,1,3814
ayme:,1,3815
ioy,1,3816
drowsily?,1,3817
"lighted,",1,3818
submitting,1,3819
grant,1,3820
italy,1,3821
veyl'd,1,3822
"couer'd,",1,3823
"meales,",1,3824
heyres,1,3825
publius?,1,3826
blest,1,3827
"portents,",1,3828
streets;,1,3829
quicke,1,3830
cursed,1,3831
hazard,1,3832
threatning,1,3833
farthest,1,3834
"trees,",1,3835
oct.,1,3836
surest,1,3837
sirrah:,1,3838
streetes;,1,3839
determine,1,3840
farwell,1,3841
so;,1,3842
dogges,1,3843
hazards,1,3844
"beside,",1,3845
staine,1,3846
thirtie,1,3847
tearmes,1,3848
"stubborne,",1,3849
receiued,1,3850
befriend,1,3851
"peazants,",1,3852
deed?,1,3853
come.,1,3854
free-men?,1,3855
"nod,",1,3856
voyage,1,3857
ivlivs,1,3858
cassius;,1,3859
"kinde,",1,3860
discomfort,1,3861
(till,1,3862
"flint,",1,3863
dreames.,1,3864
trust,1,3865
stinglesse,1,3866
vanish,1,3867
strew,1,3868
"swell,",1,3869
'twere,1,3870
streetes,1,3871
costly,1,3872
selfe-same,1,3873
fear'd,1,3874
women,1,3875
messenger.,1,3876
tempted,1,3877
throwes,1,3878
citizen,1,3879
stampt,1,3880
wisht,1,3881
tongue:,1,3882
oathes,1,3883
liuing;,1,3884
men?,1,3885
hisse,1,3886
"condemn'd,",1,3887
iustice?,1,3888
three-fold,1,3889
stay?,1,3890
"fight,",1,3891
pompey;,1,3892
eagerly:,1,3893
lowe,1,3894
"slay,",1,3895
scratch'd,1,3896
lordship,1,3897
"assembly,",1,3898
stabb'd,1,3899
"calender,",1,3900
"cry'de,",1,3901
"pipes,",1,3902
bankes,1,3903
you),1,3904
witnesse,1,3905
blood;,1,3906
"places,",1,3907
beyond,1,3908
imitations.,1,3909
acting,1,3910
is?,1,3911
sayst,1,3912
garland,1,3913
owne.,1,3914
"egge,",1,3915
horses,1,3916
worke.,1,3917
"coarse,",1,3918
games,1,3919
sleep'st;,1,3920
"cride,",1,3921
keepes,1,3922
i'me,1,3923
smell,1,3924
"driuen,",1,3925
receiu'd,1,3926
"channell,",1,3927
sweetly,1,3928
"same,",1,3929
ceremonies:,1,3930
"fashion,",1,3931
infranchisement,1,3932
followes,1,3933
light:,1,3934
"artimedorus,",1,3935
clapp'd,1,3936
"danger,",1,3937
vnluckily,1,3938
"pardon,",1,3939
stage.,1,3940
"swet,",1,3941
drawing,1,3942
question?,1,3943
affabilitie:,1,3944
"course,",1,3945
"voyd,",1,3946
fam'd,1,3947
"wood,",1,3948
droppes.,1,3949
thorough,1,3950
neuer:,1,3951
"school-boy,",1,3952
sham'd.,1,3953
"rogues,",1,3954
sought,1,3955
"rubbish,",1,3956
courage;,1,3957
vndone:,1,3958
"leather,",1,3959
"fat,",1,3960
neerer.,1,3961
knockes,1,3962
"mine,",1,3963
creature,1,3964
ingrafted,1,3965
narrow:,1,3966
"cruell,",1,3967
sauing,1,3968
oath.,1,3969
fright,1,3970
predictions,1,3971
calphurnia?,1,3972
smile;,1,3973
"legges,",1,3974
ocean,1,3975
whole,1,3976
assur'd,1,3977
"shooes,",1,3978
affraid?,1,3979
sawe,1,3980
labouring,1,3981
returne,1,3982
dyes,1,3983
"mirrors,",1,3984
"companion,",1,3985
"victorie,",1,3986
farther,1,3987
storme,1,3988
choaked,1,3989
weigh,1,3990
encreaseth,1,3991
beaten,1,3992
claudio,1,3993
"patient,",1,3994
large,1,3995
"deere,",1,3996
dis-ioynes,1,3997
wise,1,3998
it;,1,3999
acrosse,1,4000
commoners,1,4001
tune:,1,4002
arguing,1,4003
arriu'd:,1,4004
heart!,1,4005
foorth.,1,4006
melancholies,1,4007
strife,1,4008
"promise,",1,4009
hopes,1,4010
o're,1,4011
sawce,1,4012
"ground,",1,4013
"runne,",1,4014
meditates,1,4015
"clymate,",1,4016
"orator,",1,4017
wrathfully:,1,4018
coffin,1,4019
erebus,1,4020
mine's,1,4021
fates.,1,4022
fashion),1,4023
betwixt,1,4024
did'st:,1,4025
knottie,1,4026
lustre:,1,4027
motion:,1,4028
seest,1,4029
findes,1,4030
fauour.,1,4031
"dagger,",1,4032
hurtled,1,4033
smiling,1,4034
slay,1,4035
wil,1,4036
of:,1,4037
mace,1,4038
rob,1,4039
safely,1,4040
knowne.,1,4041
former,1,4042
"omitted,",1,4043
night.,1,4044
"beare,",1,4045
fine,1,4046
ore,1,4047
hilles,1,4048
men),1,4049
defiance,1,4050
"sparke,",1,4051
"betimes,",1,4052
hate,1,4053
batchellour?,1,4054
arme,1,4055
appeas'd,1,4056
"causes,",1,4057
gorging,1,4058
alliance,1,4059
i'th',1,4060
towres,1,4061
epicurus,1,4062
enterred,1,4063
"stretcht,",1,4064
soundlesse,1,4065
sake),1,4066
iustice,1,4067
"incertaine,",1,4068
countrey?,1,4069
tear,1,4070
murellus,1,4071
worldly,1,4072
vtmost,1,4073
long?,1,4074
ready?,1,4075
ligarius,1,4076
richer,1,4077
recounts,1,4078
lucius?,1,4079
flye.,1,4080
eagles,1,4081
swim,1,4082
"long,",1,4083
visage?,1,4084
late:,1,4085
minde.,1,4086
"musing,",1,4087
louer,1,4088
enemies?,1,4089
proceede,1,4090
heart.,1,4091
liable,1,4092
fauour,1,4093
dismisse,1,4094
forth;,1,4095
reuels,1,4096
"present,",1,4097
clouds,1,4098
secret,1,4099
off.,1,4100
impatiently,1,4101
bosome.,1,4102
carries,1,4103
that:,1,4104
shrunke,1,4105
sleepe;,1,4106
losses,1,4107
leaue?,1,4108
loues?,1,4109
"malice,",1,4110
ruffle,1,4111
"which,",1,4112
stinking,1,4113
augurers?,1,4114
awake:,1,4115
chanc'd.,1,4116
he's,1,4117
worthy;,1,4118
doth:,1,4119
playes,1,4120
womanish,1,4121
"yawn'd,",1,4122
"arbors,",1,4123
flesh,1,4124
entreated,1,4125
"bookes,",1,4126
"merrily,",1,4127
brow,1,4128
canopy,1,4129
yeeres,1,4130
wrath,1,4131
"vttermost,",1,4132
"render'd,",1,4133
greeuous,1,4134
senslesse,1,4135
forme:,1,4136
"wing,",1,4137
choice,1,4138
"combin'd,",1,4139
"added,",1,4140
reputed:,1,4141
"excepted,",1,4142
ambition?,1,4143
"fantasies,",1,4144
cheeke,1,4145
vol.,1,4146
calphurnia.,1,4147
star'd,1,4148
"blockes,",1,4149
consequence;,1,4150
at.,1,4151
count,1,4152
vildely,1,4153
hindes.,1,4154
gods?,1,4155
"taught,",1,4156
grant.,1,4157
dreame:,1,4158
vessell,1,4159
"saide,",1,4160
alarum,1,4161
lawfull,1,4162
"expectation,",1,4163
"begg'd,",1,4164
royall,1,4165
skie,1,4166
captiuitie,1,4167
kneele,1,4168
patient?,1,4169
"distract,",1,4170
place.,1,4171
"together,",1,4172
"aside,",1,4173
mocke,1,4174
dimme,1,4175
head:,1,4176
(except,1,4177
mirth,1,4178
"temper,",1,4179
paid,1,4180
how?,1,4181
caska;,1,4182
teach,1,4183
"stuffe,",1,4184
"proscriptions,",1,4185
"march,",1,4186
slept.,1,4187
"apron,",1,4188
himselfe?,1,4189
"peeces,",1,4190
"hauocke,",1,4191
effect,1,4192
cryedst,1,4193
yon,1,4194
"bond,",1,4195
"bloodie,",1,4196
children.,1,4197
rascall,1,4198
graze,1,4199
"laugh,",1,4200
quarter'd:,1,4201
banish'd,1,4202
borne.,1,4203
beat,1,4204
brutus!,1,4205
kneele;,1,4206
whilest,1,4207
"writings,",1,4208
"curre,",1,4209
straine,1,4210
home.,1,4211
watchfull,1,4212
desiring,1,4213
wreath,1,4214
contaminate,1,4215
dagger:,1,4216
counsell.,1,4217
"senate,",1,4218
"apes,",1,4219
subtle,1,4220
"mettle,",1,4221
sound.,1,4222
"natures,",1,4223
"caesars,",1,4224
vnnumbred,1,4225
flames,1,4226
house.,1,4227
serues,1,4228
straight:,1,4229
forth.,1,4230
daughter.,1,4231
"gaze,",1,4232
superstitious,1,4233
soundly.,1,4234
cyn.,1,4235
"statue,",1,4236
smatch,1,4237
tarquin,1,4238
hang'd,1,4239
sent,1,4240
them?,1,4241
sowre,1,4242
"iudge,",1,4243
giuing,1,4244
melteth,1,4245
encourag'd:,1,4246
"land,",1,4247
constant:,1,4248
"sport,",1,4249
"greatnesse,",1,4250
too.,1,4251
descend,1,4252
meane?,1,4253
lowlynesse,1,4254
"proclaime,",1,4255
vnderstood,1,4256
friendship,1,4257
pittifull:,1,4258
"chace,",1,4259
"cæsar,",1,4260
nimblenesse,1,4261
shouted,1,4262
hope:,1,4263
presume,1,4264
throng,1,4265
sex,1,4266
posture,1,4267
primus.,1,4268
doubtfull,1,4269
"study,",1,4270
browes:,1,4271
"refresht,",1,4272
vpper,1,4273
swimme,1,4274
chance-,1,4275
teeth,1,4276
"heape,",1,4277
"sounds,",1,4278
"purgers,",1,4279
darknesse,1,4280
vrg'd:,1,4281
eares;,1,4282
improue,1,4283
absent),1,4284
force,1,4285
furnish'd,1,4286
report,1,4287
torches,1,4288
latest,1,4289
pleasures:,1,4290
lacks,1,4291
madmen,1,4292
check'd,1,4293
slumber:,1,4294
tongue),1,4295
fulfill,1,4296
yet?,1,4297
"neigh,",1,4298
ask'd,1,4299
progresse,1,4300
brother?,1,4301
"dyest,",1,4302
lest,1,4303
showt.,1,4304
withal,1,4305
"giues,",1,4306
hell,1,4307
"voyce,",1,4308
dang'rous,1,4309
made:,1,4310
swords;,1,4311
search,1,4312
displeas'd,1,4313
scorn'd,1,4314
wounds,1,4315
flatterers.,1,4316
annoying,1,4317
"cowardly,",1,4318
foes?,1,4319
darts,1,4320
climber,1,4321
wrongs:,1,4322
firebrands:,1,4323
ayre:,1,4324
"ripe,",1,4325
sland'rous,1,4326
shoulder,1,4327
serue,1,4328
wayes,1,4329
armies,1,4330
"straight,",1,4331
time;,1,4332
hearing,1,4333
empty,1,4334
"base,",1,4335
vowes,1,4336
attempt,1,4337
blowes:,1,4338
"masker,",1,4339
entire,1,4340
brook'd,1,4341
"memory,",1,4342
"a-float,",1,4343
ceremony.,1,4344
dam,1,4345
petitions,1,4346
"bosomes,",1,4347
"wiues,",1,4348
faile,1,4349
lepidus.,1,4350
selues.,1,4351
"lady,",1,4352
ate,1,4353
sleepe?,1,4354
"vision,",1,4355
beside,1,4356
vntrod,1,4357
gentlenesse,1,4358
"reflection,",1,4359
sway,1,4360
pardon.,1,4361
yesternight,1,4362
me),1,4363
fears,1,4364
vntyr'd,1,4365
ore-read,1,4366
"might,",1,4367
affrighted:,1,4368
commended,1,4369
curre,1,4370
speeches,1,4371
burst,1,4372
adde,1,4373
wide,1,4374
name's,1,4375
shapes,1,4376
physicall,1,4377
clap,1,4378
repose,1,4379
"treasure,",1,4380
secrets?,1,4381
porch:,1,4382
enuious.,1,4383
done?,1,4384
sauage,1,4385
"iron,",1,4386
immediate,1,4387
foam'd,1,4388
hie,1,4389
disposing,1,4390
"height,",1,4391
"sutors,",1,4392
bond-man:,1,4393
womans,1,4394
vp:,1,4395
"genius,",1,4396
"thus,",1,4397
braines,1,4398
caius:,1,4399
danke,1,4400
morning?,1,4401
be?,1,4402
dumbe,1,4403
"squadrons,",1,4404
"weepe,",1,4405
bow,1,4406
puts,1,4407
speak'st,1,4408
tapers.,1,4409
blew,1,4410
"counsels,",1,4411
bed.,1,4412
seat,1,4413
strong;,1,4414
"liu'd,",1,4415
freedome,1,4416
"eate,",1,4417
caska?,1,4418
vtterance,1,4419
butchers,1,4420
throat,1,4421
good-night,1,4422
matters;,1,4423
"stood,",1,4424
wel,1,4425
field;,1,4426
cymber?,1,4427
coine,1,4428
shadowes,1,4429
scoena,1,4430
crowd,1,4431
"billow,",1,4432
thrice:,1,4433
ingratitude,1,4434
loath,1,4435
chasticement,1,4436
antony!,1,4437
hates,1,4438
"where,",1,4439
decay,1,4440
"further,",1,4441
(her,1,4442
spectacle:,1,4443
possible?,1,4444
dish,1,4445
"iulius,",1,4446
"lies,",1,4447
office,1,4448
corporall,1,4449
"exorcist,",1,4450
carelesly,1,4451
women.,1,4452
warriours,1,4453
enfranchisement,1,4454
"horsemen,",1,4455
kerchiefe?,1,4456
foolish,1,4457
"shallowes,",1,4458
bin?,1,4459
yeare.,1,4460
teethes,1,4461
actors,1,4462
stoope,1,4463
"byrth,",1,4464
bestride,1,4465
vttermost?,1,4466
faine,1,4467
protest,1,4468
testament:,1,4469
"neglect,",1,4470
orchard.,1,4471
liefe,1,4472
vnicornes,1,4473
hony-heauy-dew,1,4474
repute,1,4475
lepidus?,1,4476
perils,1,4477
hart.,1,4478
repayre,1,4479
"another,",1,4480
when?,1,4481
state.,1,4482
sheath,1,4483
die,1,4484
"straine,",1,4485
shout?,1,4486
deepe,1,4487
"cried,",1,4488
deare,1,4489
"senate-house,",1,4490
"crests,",1,4491
strengthen,1,4492
